experiment,version,change,run_tag,wandb_run_id,state,feature_set,encoder,input_type,in_channels,epochs,learning_rate,batch_size,img_size,tta,jpeg_aug,edge_supervision,noise_features,pixel_f1,pixel_iou,pixel_auc,pixel_precision,pixel_recall,image_accuracy,image_macro_f1,image_roc_auc,best_val_f1,final_train_loss,final_val_loss,duration_min
vrp30,vR.P.30,"Multi-quality ELA + CBAM attention (25ep, BCE+Dice)",run01,l02wzuy4,finished,multi_quality_ela,resnet34,multi_quality_ela,3,25,0.001,16,384,False,False,False,False,0.743768572807312,0.592063307762146,0.973276616474766,0.8455034494400024,0.6638866066932678,0.8858954041204438,0.8767750459281832,0.9718403065403608,0.7331532835960388,0.23823118635103405,0.3986627189432809,119.01666666666667
vrp302,vR.P.30.2,"Multi-quality ELA + CBAM + Progressive Unfreeze (40ep, BCE+Dice)",run01,y5mvqged,crashed,multi_quality_ela,resnet34,multi_quality_ela,3,40,0.001,16,384,False,False,False,False,,,,,,,,,0.7141332030296326,0.17132899043118133,0.43230806238750097,146.11666666666667
vrp303,vR.P.30.3,Multi-quality ELA + CBAM + Focal+Dice loss (25ep),run01,fzjqxeos,finished,multi_quality_ela,resnet34,multi_quality_ela,3,25,0.001,16,384,False,False,False,False,0.750855565071106,0.6010958552360535,0.9693874331390724,0.8423141241073608,0.6773128509521484,0.9091389329107236,0.9034105741801663,0.978252016530226,0.7328960299491882,0.20399605444955307,0.32618465656492895,119.05
vrp304,vR.P.30.4,"Multi-quality ELA + CBAM + Geometric Augmentation (50ep, BCE+Dice)",run01,vnny8ird,finished,multi_quality_ela,resnet34,multi_quality_ela,3,50,0.001,16,384,False,False,False,False,,,,,,,,,,,,2.6333333333333333
vrp19,vR.P.19,"Multi-Quality RGB ELA (9ch, Q=75/85/95 full-color)",run01,20e21rc9,finished,multi_quality_ela,resnet34,Multi-Q RGB ELA,9,25,0.001,16,384,False,False,False,False,0.7964726686477661,0.6617819666862488,0.9726181034977148,0.860572338104248,0.7412599921226501,0.9038563127311148,0.8969819945890475,0.9765073650208942,0.7923915386199951,0.20166933424635616,0.3087769954095356,288.6333333333333
vrp20,vR.P.20,ELA Magnitude + Chrominance Direction Decomposition,run01,p3a3u2i1,finished,ela,resnet34,ELA Magnitude Decomposition,3,25,0.001,16,384,False,False,False,False,0.6554754972457886,0.4875147044658661,0.939873943960124,0.7585513591766357,0.5770614147186279,0.8584257791864764,0.8472044526365247,0.925755707139188,0.6194159984588623,0.33887938011146934,0.530577503914036,149.98333333333332
vrp21,vR.P.21,ELA Residual Learning (Laplacian high-pass filter on ELA),run01,zxublrux,finished,ela,resnet34,ELA Laplacian Residual,3,25,0.001,16,384,False,False,False,False,0.6176618933677673,0.44682401418685913,0.9280347078319094,0.7144818902015686,0.5439506769180298,0.8431061806656102,0.8329851263689763,0.9245900994497638,0.6255241632461548,0.33121684609410335,0.5419758509161824,143.43333333333334
vrp22,vR.P.22,SRM Noise Maps (3 Steganalysis Rich Model filters),run01,ejla880h,finished,srm_noise,resnet34,SRM Noise Maps,3,25,0.001,16,384,False,False,False,True,0.4771181643009186,0.3132995069026947,0.8586982719669363,0.5496922731399536,0.4214724600315094,0.6745905969360803,0.6451802932305752,0.7106556789100786,0.44030922651290894,0.5301631434183371,0.8150730656108724,110.13333333333334
vrp304,vR.P.30.4,"Multi-quality ELA + CBAM + Geometric Augmentation (50ep, BCE+Dice)",run01,k2joxtqw,finished,multi_quality_ela,resnet34,multi_quality_ela,3,50,0.001,16,384,False,False,False,False,0.7661648392677307,0.6209620237350464,0.9726066561284248,0.8820076584815979,0.6772189140319824,0.90121500264131,0.894182742679666,0.9755060414921628,0.7712340354919434,0.2848229700608176,0.3397071414866908,231.36666666666667
vrp301,vR.P.30.1,"Multi-quality ELA + CBAM attention (50ep, BCE+Dice)",run01,7wcf3zj0,finished,multi_quality_ela,resnet34,multi_quality_ela,3,50,0.001,16,384,False,False,False,False,0.7762386798858643,0.6343057155609131,0.979543709170932,0.8719217777252197,0.6994792222976685,0.913893291072372,0.9089281998533094,0.9814902655850136,0.769957423210144,0.11357417374092092,0.3598565532971392,225.21666666666667
vrp27,vR.P.27,JPEG Compression Augmentation (random Q=50-95 at training time),run01,yza7agn8,finished,ela,resnet34,ELA + JPEG Compression Aug,3,25,0.001,16,384,False,True,False,False,0.710486114025116,0.550972044467926,0.9552586891559272,0.8443847894668579,0.6132411360740662,0.879027997886952,0.8689063325483788,0.9636075876143624,0.7011035084724426,0.2334510262805407,0.4381340890439245,128.38333333333333
vrp28,vR.P.28,"Cosine Annealing LR Scheduler (T_0=10, T_mult=2, 50 epochs)",run01,z6zq3eou,finished,ela,resnet34,ELA (same as P.3),3,50,0.001,16,384,False,False,False,False,,,,,,,,,,,,0.75
vrp23,vR.P.23,Chrominance Channel Analysis (YCbCr Y/Cb/Cr input),run01,4lrf7ngh,finished,ycbcr,resnet34,YCbCr (Chrominance),3,25,0.001,16,384,False,False,False,False,0.4709226191043854,0.3079783022403717,0.845296547468012,0.4900687634944916,0.4532162845134735,0.6656101426307448,0.6563954453655197,0.7302772237365159,0.41557711362838745,0.4178654238608701,0.8667682797145176,91.16666666666667
vrp24,vR.P.24,Noiseprint Forensic Features (DnCNN-style noise residual),run01,klddtyi2,finished,noiseprint,resnet34,Noiseprint (DnCNN Residual),3,25,0.001,16,384,False,False,False,True,0.5245587229728699,0.3555266559123993,0.8830960956053904,0.6118053793907166,0.4590900540351868,0.7221341785525621,0.6938912157559094,0.7646571551536635,0.5099663138389587,0.3667872211407403,0.7260798908768372,190.4
vrp26,vR.P.26,Dual-Task: Segmentation + Classification with shared encoder,run01,upic0ise,finished,ela,resnet34,ELA (same as P.3),3,25,0.001,16,384,False,False,False,False,,,,,,,,,,,,0.7833333333333333
vrp25,vR.P.25,Edge Supervision Loss (BCE + Dice + Edge BCE with Sobel boundaries),run01,pvcf5emw,finished,ela,resnet34,ELA (same as P.3),3,25,0.001,16,384,False,False,True,False,0.7079259753227234,0.5478988885879517,0.9518425392826853,0.839232861995697,0.6121487617492676,0.8721605916534602,0.8612425669879763,0.9347190278079864,0.6562004089355469,0.6407124149712806,0.830324779788987,131.85
vrp28,vR.P.28,"Cosine Annealing LR Scheduler (T_0=10, T_mult=2, 50 epochs)",run01,bi240r5r,finished,ela,resnet34,ELA (same as P.3),3,50,0.001,16,384,False,False,False,False,0.7214751839637756,0.5643028020858765,0.957166689412022,0.8497663736343384,0.6268396973609924,0.8795562599049128,0.8704844006568144,0.945628884394856,0.6949946284294128,0.22368902943947247,0.4421380873089739,241.21666666666667
leaderboard_export,leaderboard_export,,,0vahbz3c,finished,,,,,,,,,False,False,False,False,,,,,,,,,,,,0.05
vrp26,vR.P.26,Dual-Task: Segmentation + Classification with shared encoder,run01,dcmxx875,finished,ela,resnet34,ELA (same as P.3),3,25,0.001,16,384,False,False,False,False,,,,,,,,,0.6956513524055481,0.2759723462732323,0.4871931662372149,125.25
vrp18,vR.P.18,"Compression robustness testing (no training, evaluate P.3 under recompression)",run01,dp2pb8st,finished,rgb,resnet34,rgb,3,N/A,N/A,16,384,False,False,False,False,,,,,,,,,,,,6.6
vrp16,vR.P.16,DCT spatial feature maps (AC energy / DC / HF energy),run01,jal2ioyz,finished,dct,resnet34,DCT,3,25,0.001,16,384,False,False,False,False,0.3209036588668823,0.19111688435077667,0.7777730677991825,0.3763335049152374,0.2797060012817383,0.6159535129424194,0.5677763208517521,0.620419132857295,0.2673567831516266,0.7053945102676505,1.0054764041575377,106.48333333333333
vrp17,vR.P.17,ELA + DCT fusion (6-channel input),run01,02g912cv,finished,ela+dct,resnet34,ELA+DCT,6,25,0.001,16,384,False,False,False,False,0.7302077412605286,0.5750607848167419,0.9431362992177192,0.86492520570755,0.6318008303642273,0.8705758055995774,0.8589252726909369,0.946232802225009,0.7157766222953796,0.3075923445768073,0.4451445790375544,196.96666666666667
vrp15,vR.P.15,Multi-quality ELA input (Q=75/85/95 as 3 channels),run01,upn9fy86,finished,multi_quality_ela,resnet34,multi_quality_ela,3,25,0.001,16,384,False,False,False,False,0.7329455018043518,0.5784640312194824,0.960773144744457,0.8409044146537781,0.6495530605316162,0.8753301637612255,0.8660204027773113,0.9422656868234848,0.705340564250946,0.26812729401726904,0.4480833587794445,115.76666666666667
vrp14,vR.P.14,Test-Time Augmentation (4 views: orig + hflip + vflip + hvflip),run01,z7vlo6ft,finished,rgb,resnet34,rgb,3,25,0.001,16,384,False,False,False,False,0.6387826800346375,0.4692731499671936,0.9617803280534089,0.8354945182800293,0.5170472860336304,0.8742736397253037,0.8618824265165728,0.96096457940941,0.7243364453315735,0.23813670639036572,0.4109070053046333,60.45
vrp13,vR.P.13,Combined: CBAM attention + Albumentations augmentation + 50 epochs + Focal+Dice loss,run01,u4cm2us1,finished,rgb,resnet34,rgb,3,50,0.001,16,384,False,False,False,False,0.7306649684906006,0.5756281018257141,0.9606693482577856,0.8409937620162964,0.6459267139434814,0.8737453777073428,0.8621970701872748,0.9732482912133428,0.736263632774353,0.3411195123713538,0.3237203916519136,139.16666666666666
vrp12,vR.P.12,ELA + data augmentation (Albumentations) + Focal+Dice loss,run01,l4r1ocvd,finished,ela,resnet34,ela,3,50,0.001,16,384,False,False,False,False,0.7132960557937622,0.5543590784072876,0.9545705743761608,0.8405760526657104,0.6194924712181091,0.8695192815636555,0.8584211770968425,0.9368148077875322,0.7059705257415771,0.3663858336661883,0.33998346569519905,114.55
vrp11,vR.P.11,Higher resolution (512x512) + Focal+Dice loss + gradient accumulation,run01,3b9iotnq,finished,rgb,resnet34,rgb,3,50,0.001,8,512,False,False,False,False,0.7038568258285522,0.5430394411087036,0.9486409827422893,0.8425076603889465,0.6043924689292908,0.8890649762282092,0.8829403173182252,0.9383645164723796,0.6500850319862366,0.2387121506767805,0.3940731355065545,205.1
leaderboard_export,leaderboard_export,,,9r50n584,finished,,,,,,,,,False,False,False,False,,,,,,,,,,,,0.03333333333333333
vrp302,vR.P.30.2,"Multi-quality ELA + CBAM + Progressive Unfreeze (40ep, BCE+Dice)",run01,c9tgi8mz,finished,multi_quality_ela,resnet34,multi_quality_ela,3,40,0.001,16,384,False,False,False,False,,,,,,,,,0.7001846432685852,0.20012047535278404,0.4396181740515255,19.75
vrp18,vR.P.18,"Compression robustness testing (no training, evaluate P.3 under recompression)",run01,xu8vlt3v,finished,rgb,resnet34,rgb,3,N/A,N/A,16,384,False,False,False,False,,,,,,,,,,,,50.4
vrp16,vR.P.16,DCT spatial feature maps (AC energy / DC / HF energy),run01,ygmv0ot9,finished,dct,resnet34,DCT,3,25,0.001,16,384,False,False,False,False,0.3209036588668823,0.19111688435077667,0.7777730677991825,0.3763335049152374,0.2797060012817383,0.6159535129424194,0.5677763208517521,0.620419132857295,0.2673567831516266,0.7053945102676505,1.0054764041575377,0.0
vrp302,vR.P.30.2,"Multi-quality ELA + CBAM + Progressive Unfreeze (40ep, BCE+Dice)",run01,7jv2jzmu,finished,multi_quality_ela,resnet34,multi_quality_ela,3,40,0.001,16,384,False,False,False,False,0.7719460725784302,0.6285930275917053,0.9754697867841584,0.8605486154556274,0.6998855471611023,0.9107237189646064,0.9060550043827902,0.9777961858308382,0.7344067096710205,0.12943731301452308,0.40420524632108246,96.81666666666666
vrp16,vR.P.16,DCT spatial feature maps (AC energy / DC / HF energy),run01,nciqsc1q,finished,dct,resnet34,DCT,3,25,0.001,16,384,False,False,False,False,0.3209036588668823,0.19111688435077667,0.7777730677991825,0.3763335049152374,0.2797060012817383,0.6159535129424194,0.5677763208517521,0.620419132857295,0.22503311932086945,0.6891357410841109,1.0512010449183589,0.0
vrp19,vR.P.19,"Multi-Quality RGB ELA (9ch, Q=75/85/95 full-color)",run01,jzwc69v8,finished,multi_quality_ela,resnet34,Multi-Q RGB ELA,9,25,0.001,16,384,False,False,False,False,0.7964726686477661,0.6617819666862488,0.9726181034977148,0.860572338104248,0.7412599921226501,0.9038563127311148,0.8969819945890475,0.9765073650208942,0.7923915386199951,0.20166933424635616,0.3087769954095356,0.0
vrp26,vR.P.26,Dual-Task: Segmentation + Classification with shared encoder,run01,iixyc6x3,finished,ela,resnet34,ELA (same as P.3),3,25,0.001,16,384,False,False,False,False,0.7111709117889404,0.5517961382865906,0.9572753964773684,0.8051162958145142,0.6368587017059326,0.8837823560486001,0.8748015873015873,0.959462304883636,0.6956513524055481,0.2759723462732323,0.4871931662372149,1.9666666666666666
vR.P.40.3 — InceptionV1 custom encoder + Multi-Q RGB ELA (9ch),vR.P.40.3,InceptionV1 custom encoder + Multi-Q RGB ELA (9ch),,dycmi22g,finished,multi-q-rgb-ela-9ch,inception-v1-custom,multi-q-rgb-ela-9ch,9,30,,8,,False,False,False,False,0.4764918088912964,0.3127596378326416,0.918724780570576,0.5869397521018982,0.401028037071228,0.8827258320126783,0.8761879003860676,0.9340543711156052,0.0,NaN,NaN,0.0
vR.P.40.4 — InceptionV2 custom encoder + Multi-Q RGB ELA (9ch),vR.P.40.4,InceptionV2 custom encoder + Multi-Q RGB ELA (9ch),,a5edeawl,finished,multi-q-rgb-ela-9ch,inception-v2-custom,multi-q-rgb-ela-9ch,9,30,,8,,False,False,False,False,0.6170973777770996,0.44623345136642456,0.9435467061990016,0.6289759278297424,0.6056591868400574,0.9080824088748018,0.904159149896996,0.96830819708546,0.5781671404838562,0.376585107794452,0.5481865841107482,0.0
vR.P.41 — Unified Inception V1+V2+V3 custom encoder + Multi-Q RGB ELA (9ch),vR.P.41,Unified Inception V1+V2+V3 custom encoder + Multi-Q RGB ELA (9ch),,p30sp0dd,crashed,multi-q-rgb-ela-9ch,unified-inception-v123,multi-q-rgb-ela-9ch,9,50,,16,,False,False,False,False,,,,,,,,,0.7425658106803894,0.15493779381700773,0.3760507672538376,0.0
vrp302,vR.P.30.2,"Multi-quality ELA + CBAM + Progressive Unfreeze (40ep, BCE+Dice)",run01,306h82jo,finished,multi_quality_ela,resnet34,multi_quality_ela,3,40,0.001,16,384,False,False,False,False,0.7719460725784302,0.6285930275917053,0.9754697867841584,0.8605486154556274,0.6998855471611023,0.9107237189646064,0.9060550043827902,0.9777961858308382,,,,0.016666666666666666
"vR.P.40.1 — EfficientNet-B4 baseline (ELA Q=90, 3ch)",vR.P.40.1,"EfficientNet-B4 baseline (ELA Q=90, 3ch)",,zbez8rbz,finished,ela,efficientnet-b4,ela,3,30,,8,,False,False,False,False,0.7549550533294678,0.6063676476478577,0.9677835996676522,0.8284288644790649,0.6934523582458496,0.8938193343898574,0.8869697319870848,0.9509484517953252,0.7424842119216919,0.2573963869890791,0.4001519581779346,0.0
vR.P.40.3 — InceptionV1 custom encoder + Multi-Q RGB ELA (9ch),vR.P.40.3,InceptionV1 custom encoder + Multi-Q RGB ELA (9ch),,k47cs4wg,finished,multi-q-rgb-ela-9ch,inception-v1-custom,multi-q-rgb-ela-9ch,9,30,,8,,False,False,False,False,0.4764918088912964,0.3127596378326416,0.918724780570576,0.5869397521018982,0.401028037071228,0.8827258320126783,0.8761879003860676,0.9340543711156052,0.0,NaN,NaN,293.6
vR.P.40.4 — InceptionV2 custom encoder + Multi-Q RGB ELA (9ch),vR.P.40.4,InceptionV2 custom encoder + Multi-Q RGB ELA (9ch),,ptqiruhn,finished,multi-q-rgb-ela-9ch,inception-v2-custom,multi-q-rgb-ela-9ch,9,30,,8,,False,False,False,False,0.6170973777770996,0.44623345136642456,0.9435467061990016,0.6289759278297424,0.6056591868400574,0.9080824088748018,0.904159149896996,0.96830819708546,0.5781671404838562,0.376585107794452,0.5481865841107482,412.9166666666667
vR.P.40.5 — InceptionV3 custom encoder + Multi-Q RGB ELA (9ch),vR.P.40.5,InceptionV3 custom encoder + Multi-Q RGB ELA (9ch),,i2h94p35,finished,multi-q-rgb-ela-9ch,inception-v3-custom,multi-q-rgb-ela-9ch,9,30,,8,,False,False,False,False,0.6119489073753357,0.44086912274360657,0.946153850235907,0.6894298195838928,0.5501237511634827,0.9027997886951928,0.8971681624940955,0.955981100379936,0.6242128610610962,0.38699488371360713,0.5037968850055172,425.23333333333335
vrp10,vR.P.10,Focal+Dice loss + CBAM attention in UNet decoder,run01,x3pklw0n,finished,rgb,resnet34,rgb,3,25,0.001,16,384,False,False,False,False,0.7238326668739319,0.567192554473877,0.9524668300698036,0.8489236831665039,0.6308720707893372,0.8880084521922874,0.8792063878099934,0.9767086709642786,0.7193779349327087,0.25759119999522306,0.34922661435078595,0.0
"vR.P.40.1 — EfficientNet-B4 baseline (ELA Q=90, 3ch)",vR.P.40.1,"EfficientNet-B4 baseline (ELA Q=90, 3ch)",,s46z7oku,crashed,ela,efficientnet-b4,ela,3,30,,8,,False,False,False,False,,,,,,,,,0.7250102758407593,0.2948880064810338,0.41027705486327704,0.0
"vR.P.40.2 — EfficientNet-B4 + Multi-Q RGB ELA (9ch, Q=75/85/95)",vR.P.40.2,"EfficientNet-B4 + Multi-Q RGB ELA (9ch, Q=75/85/95)",,77dfuxml,crashed,multi-q-rgb-ela-9ch,efficientnet-b4,multi-q-rgb-ela-9ch,9,30,,8,,False,False,False,False,,,,,,,,,0.7083166837692261,0.3666922466496744,0.4633669675842251,0.0
vrp19,vR.P.19,"Multi-Quality RGB ELA (9ch, Q=75/85/95 full-color)",colab01,wbeqiiyn,crashed,multi_quality_ela,resnet34,Multi-Q RGB ELA,9,25,0.001,16,384,False,False,False,False,,,,,,,,,,,,0.0
vrp301,vR.P.30.1,"Multi-quality ELA + CBAM attention (50ep, BCE+Dice)",run01,4y0zyvp0,crashed,multi_quality_ela,resnet34,multi_quality_ela,3,50,0.001,16,384,False,False,False,False,,,,,,,,,,,,0.0
vrp19,vR.P.19,"Multi-Quality RGB ELA (9ch, Q=75/85/95 full-color)",run01,n0m3exx5,crashed,multi_quality_ela,resnet34,Multi-Q RGB ELA,9,25,0.001,16,384,False,False,False,False,,,,,,,,,0.4746949374675751,0.7767485565693538,0.7524446092679032,0.0
vR.P.41 — Unified Inception V1+V2+V3 custom encoder + Multi-Q RGB ELA (9ch),vR.P.41,Unified Inception V1+V2+V3 custom encoder + Multi-Q RGB ELA (9ch),,s2he02vh,finished,multi-q-rgb-ela-9ch,unified-inception-v123,multi-q-rgb-ela-9ch,9,50,,16,,False,False,False,False,,,,,,,,,,,,0.0
vR.P.41 — Unified Inception V1+V2+V3 custom encoder + Multi-Q RGB ELA (9ch),vR.P.41,Unified Inception V1+V2+V3 custom encoder + Multi-Q RGB ELA (9ch),,kvo54swv,running,multi-q-rgb-ela-9ch,unified-inception-v123,multi-q-rgb-ela-9ch,9,50,,16,,False,False,False,False,,,,,,,,,0.7022385001182556,0.22657248769217456,0.4289506436350526,380.3833333333333
vR.P.40.5 — InceptionV3 custom encoder + Multi-Q RGB ELA (9ch),vR.P.40.5,InceptionV3 custom encoder + Multi-Q RGB ELA (9ch),,dktzehqc,running,multi-q-rgb-ela-9ch,inception-v3-custom,multi-q-rgb-ela-9ch,9,30,,8,,False,False,False,False,,,,,,,,,0.6111570000648499,0.4095614799606535,0.5171069965421154,371.48333333333335
"vR.P.40.2 — EfficientNet-B4 + Multi-Q RGB ELA (9ch, Q=75/85/95)",vR.P.40.2,"EfficientNet-B4 + Multi-Q RGB ELA (9ch, Q=75/85/95)",,zyvsjrhy,running,multi-q-rgb-ela-9ch,efficientnet-b4,multi-q-rgb-ela-9ch,9,30,,8,,False,False,False,False,,,,,,,,,0.7007176280021667,0.24699198482693227,0.487367672311537,382.3
"vR.P.40.1 — EfficientNet-B4 baseline (ELA Q=90, 3ch)",vR.P.40.1,"EfficientNet-B4 baseline (ELA Q=90, 3ch)",,hz9jf7md,finished,ela,efficientnet-b4,ela,3,30,,8,,False,False,False,False,0.7549550533294678,0.6063676476478577,0.9677835996676522,0.8284288644790649,0.6934523582458496,0.8938193343898574,0.8869697319870848,0.9509484517953252,0.7424842119216919,0.2573963869890791,0.4001519581779346,221.38333333333333
vrp19,vR.P.19,"Multi-Quality RGB ELA (9ch, Q=75/85/95 full-color)",run01,k6d09341,crashed,multi_quality_ela,resnet34,Multi-Q RGB ELA,9,25,0.001,16,384,False,False,False,False,,,,,,,,,,,,0.0
vrp304,vR.P.30.4,"Multi-quality ELA + CBAM + Geometric Augmentation (50ep, BCE+Dice)",run01,6eg22w8e,crashed,multi_quality_ela,resnet34,multi_quality_ela,3,50,0.001,16,384,False,False,False,False,,,,,,,,,,,,0.0
vrp304,vR.P.30.4,"Multi-quality ELA + CBAM + Geometric Augmentation (50ep, BCE+Dice)",run01,68e104zv,crashed,multi_quality_ela,resnet34,multi_quality_ela,3,50,0.001,16,384,False,False,False,False,,,,,,,,,0.7639101147651672,0.30940765160019296,0.3579903472881245,0.0
vrp301,vR.P.30.1,"Multi-quality ELA + CBAM attention (50ep, BCE+Dice)",run01,wtybmy50,crashed,multi_quality_ela,resnet34,multi_quality_ela,3,50,0.001,16,384,False,False,False,False,,,,,,,,,0.7201635837554932,0.2677539917767156,0.4085999640345073,0.0
vrp19,vR.P.19,"Multi-Quality RGB ELA (9ch, Q=75/85/95 full-color)",run01,sh964gaa,finished,multi_quality_ela,resnet34,Multi-Q RGB ELA,9,25,0.001,16,384,False,False,False,False,,,,,,,,,,,,1.0333333333333334
vrp303,vR.P.30.3,Multi-quality ELA + CBAM + Focal+Dice loss (25ep),run01,9fgzhozm,crashed,multi_quality_ela,resnet34,multi_quality_ela,3,25,0.001,16,384,False,False,False,False,,,,,,,,,0.7478082776069641,0.239585061143482,0.32417873549862075,0.0
vrp19,vR.P.19,"Multi-Quality RGB ELA (9ch, Q=75/85/95 full-color)",run01,y8q2uhbj,crashed,multi_quality_ela,resnet34,Multi-Q RGB ELA,9,25,0.001,16,384,False,False,False,False,,,,,,,,,0.6961922645568848,0.4145489817590009,0.44961774709757746,0.0
vrp302,vR.P.30.2,"Multi-quality ELA + CBAM + Progressive Unfreeze (40ep, BCE+Dice)",run01,kyc0r1a5,finished,multi_quality_ela,resnet34,multi_quality_ela,3,40,0.001,16,384,False,False,False,False,,,,,,,,,,,,6.733333333333333
vrp30,vR.P.30,"Multi-quality ELA + CBAM attention (25ep, BCE+Dice)",run01,0cw0w73b,finished,multi_quality_ela,resnet34,multi_quality_ela,3,25,0.001,16,384,False,False,False,False,,,,,,,,,,,,17.683333333333334
vrp30,vR.P.30,"Multi-quality ELA + CBAM attention (25ep, BCE+Dice)",run01,yj6niqfq,crashed,multi_quality_ela,resnet34,multi_quality_ela,3,25,0.001,16,384,False,False,False,False,,,,,,,,,0.7382822632789612,0.2288518840220576,0.3797384704977648,0.0
vrp302,vR.P.30.2,"Multi-quality ELA + CBAM + Progressive Unfreeze (40ep, BCE+Dice)",run01,x3wn8m9f,crashed,multi_quality_ela,resnet34,multi_quality_ela,3,40,0.001,16,384,False,False,False,False,,,,,,,,,,,,0.0
vrp302,vR.P.30.2,"Multi-quality ELA + CBAM + Progressive Unfreeze (40ep, BCE+Dice)",run01,yu9u0wtz,crashed,multi_quality_ela,resnet34,multi_quality_ela,3,40,0.001,16,384,False,False,False,False,,,,,,,,,0.7109066843986511,0.15598485048162242,0.4187929127610601,0.0
vrp30,vR.P.30,"Multi-quality ELA + CBAM attention (25ep, BCE+Dice)",run01,uvd1q42s,finished,multi_quality_ela,resnet34,multi_quality_ela,3,25,0.001,16,384,False,False,False,False,,,,,,,,,,,,16.4
vR.P.41 — Unified Inception V1+V2+V3 custom encoder + Multi-Q RGB ELA (9ch),vR.P.41,Unified Inception V1+V2+V3 custom encoder + Multi-Q RGB ELA (9ch),,t3hr2z9o,running,multi-q-rgb-ela-9ch,unified-inception-v123,multi-q-rgb-ela-9ch,9,50,,16,,False,False,False,False,,,,,,,,,0.6736755967140198,0.31304295159565343,0.4589731793057275,288.3666666666667
vrp8,vR.P.8,ELA + gradual encoder unfreeze (progressive: frozen → layer4 → layer3+layer4),run01,8goive2u,finished,ela,resnet34,ela,3,40,0.001,16,384,False,False,False,False,0.6985035538673401,0.5366926789283752,0.9541372268248194,0.8856897354125977,0.5766347050666809,0.8758584257791865,0.8649501139190743,0.9578460726830148,0.6925705671310425,0.18958546247624009,0.4664343284054032,75.51666666666667
vrp9,vR.P.9,"Focal + Dice loss (replace BCE with focal, alpha=0.25, gamma=2.0)",run01,e3p3x0ya,finished,rgb,resnet34,rgb,3,25,0.001,16,384,False,False,False,False,0.6922555565834045,0.5293508172035217,0.9323047508755604,0.8329064249992371,0.5922446846961975,0.8716323296354992,0.8606243135353779,0.9076185044125336,0.6539015769958496,0.2783215237399411,0.4039515987853622,59.9
vrp30,vR.P.30,"Multi-quality ELA + CBAM attention (25ep, BCE+Dice)",run01,kuqnsxxi,crashed,multi_quality_ela,resnet34,multi_quality_ela,3,25,0.001,16,384,False,False,False,False,,,,,,,,,0.6705685257911682,0.3984314551316675,0.4730387928670281,0.0
vrp7,vR.P.7,"Extended training (50 epochs, patience 10) — P.3 was still improving at epoch 25",run01,objx1r82,finished,rgb,resnet34,rgb,3,50,0.001,16,384,False,False,False,False,,,,,,,,,,,,0.0
vrp6,vR.P.6,EfficientNet-B0 encoder (replace ResNet-34),run01,7xeddv8b,finished,rgb,efficientnet-b0,rgb,3,25,0.001,16,384,False,False,False,False,,,,,,,,,,,,0.0
vrp19,vR.P.19,"Multi-Quality RGB ELA (9ch, Q=75/85/95 full-color)",run01,4kxzlib1,crashed,multi_quality_ela,resnet34,Multi-Q RGB ELA,9,25,0.001,16,384,False,False,False,False,,,,,,,,,0.7194378972053528,0.34429402479026366,0.42649100357964986,0.0
vrp19,vR.P.19,"Multi-Quality RGB ELA (9ch, Q=75/85/95 full-color)",run01,0rqifim7,crashed,multi_quality_ela,resnet34,Multi-Q RGB ELA,9,25,0.001,16,384,False,False,False,False,,,,,,,,,0.6881304383277893,0.4100538986091064,0.4555524293228861,0.0
vrp30,vR.P.30,"Multi-quality ELA + CBAM attention (25ep, BCE+Dice)",run01,62knz085,crashed,multi_quality_ela,resnet34,multi_quality_ela,3,25,0.001,16,384,False,False,False,False,,,,,,,,,,,,0.0
vrp303,vR.P.30.3,Multi-quality ELA + CBAM + Focal+Dice loss (25ep),run01,cq5wxrbe,crashed,multi_quality_ela,resnet34,multi_quality_ela,3,25,0.001,16,384,False,False,False,False,,,,,,,,,,,,0.0
vrp30,vR.P.30,"Multi-quality ELA + CBAM attention (25ep, BCE+Dice)",run01,2ocg8cnr,running,multi_quality_ela,resnet34,multi_quality_ela,3,25,0.001,16,384,False,False,False,False,,,,,,,,,0.6991906762123108,0.3476400198296605,0.4356851675407949,0.016666666666666666
vrp30,vR.P.30,"Multi-quality ELA + CBAM attention (25ep, BCE+Dice)",run01,42ogwfkg,crashed,multi_quality_ela,resnet34,multi_quality_ela,3,25,0.001,16,384,False,False,False,False,,,,,,,,,,,,0.0
vrp19,vR.P.19,"Multi-Quality RGB ELA (9ch, Q=75/85/95 full-color)",run01,42a6zryb,running,multi_quality_ela,resnet34,Multi-Q RGB ELA,9,20,0.001,16,320,False,False,False,False,,,,,,,,,0.6287909746170044,0.44413499064919304,0.539924750095742,0.016666666666666666
vrp19,vR.P.19,"Multi-Quality RGB ELA (9ch, Q=75/85/95 full-color)",run01,wd1pzgzx,finished,multi_quality_ela,resnet34,Multi-Q RGB ELA,9,25,0.001,16,384,False,False,False,False,,,,,,,,,,,,0.9166666666666666
vrp19,vR.P.19,"Multi-Quality RGB ELA (9ch, Q=75/85/95 full-color)",run01,8xgdejbq,finished,multi_quality_ela,resnet34,Multi-Q RGB ELA,9,25,0.001,16,384,False,False,False,False,,,,,,,,,,,,0.6
vrp19,vR.P.19,"Multi-Quality RGB ELA (9ch, Q=75/85/95 full-color)",run01,u4fikiyc,crashed,multi_quality_ela,resnet34,Multi-Q RGB ELA,9,25,0.001,16,384,False,False,False,False,,,,,,,,,0.3971635401248932,0.9656915387202952,0.8460811179037354,0.0
vrp302,vR.P.30.2,"Multi-quality ELA + CBAM + Progressive Unfreeze (40ep, BCE+Dice)",run01,ivs6ump6,crashed,multi_quality_ela,resnet34,multi_quality_ela,3,40,0.001,16,384,False,False,False,False,,,,,,,,,0.71101313829422,0.1549731868500069,0.4197068448479713,0.016666666666666666
vrp30,vR.P.30,"Multi-quality ELA + CBAM attention (25ep, BCE+Dice)",run01,sggnde74,crashed,multi_quality_ela,resnet34,multi_quality_ela,3,25,0.001,16,384,False,False,False,False,,,,,,,,,,,,0.0
vrp19,vR.P.19,"Multi-Quality RGB ELA (9ch, Q=75/85/95 full-color)",run01,rz7i0dvp,crashed,multi_quality_ela,resnet34,Multi-Q RGB ELA,9,20,0.001,16,320,False,False,False,False,,,,,,,,,,,,0.0
vrp19,vR.P.19,"Multi-Quality RGB ELA (9ch, Q=75/85/95 full-color)",run01,lci8512b,crashed,multi_quality_ela,resnet34,Multi-Q RGB ELA,9,25,0.001,16,384,False,False,False,False,,,,,,,,,0.5205673575401306,0.57210440390123,0.6600422534246405,0.016666666666666666
vrp19,vR.P.19,"Multi-Quality RGB ELA (9ch, Q=75/85/95 full-color)",run01,1e97sl9l,running,multi_quality_ela,resnet34,Multi-Q RGB ELA,9,20,0.001,16,320,False,False,False,False,,,,,,,,,0.4827688038349152,0.7104342375660548,0.6910030117880616,0.0
vrp19,vR.P.19,"Multi-Quality RGB ELA (9ch, Q=75/85/95 full-color)",run01,w5p5ioc7,running,multi_quality_ela,resnet34,Multi-Q RGB ELA,9,25,0.001,16,384,False,False,False,False,,,,,,,,,,,,0.0
vrp302,vR.P.30.2,"Multi-quality ELA + CBAM + Progressive Unfreeze (40ep, BCE+Dice)",run01,t3fceyff,crashed,multi_quality_ela,resnet34,multi_quality_ela,3,40,0.001,16,384,False,False,False,False,,,,,,,,,0.7074770331382751,0.1378737406267661,0.4220775767849496,0.0
vrp301,vR.P.30.1,"Multi-quality ELA + CBAM attention (50ep, BCE+Dice)",run01,e4uq2fvn,running,multi_quality_ela,resnet34,multi_quality_ela,3,50,0.001,16,384,False,False,False,False,,,,,,,,,,,,0.0
leaderboard_v2_export,leaderboard_v2_export,,,pvh2h5lc,finished,,,,,,,,,False,False,False,False,,,,,,,,,,,,0.03333333333333333
vrp304,vR.P.30.4,"Multi-quality ELA + CBAM + Geometric Augmentation (50ep, BCE+Dice)",run01,zpqk1pba,running,multi_quality_ela,resnet34,multi_quality_ela,3,50,0.001,16,384,False,False,False,False,,,,,,,,,,,,0.0
